date,"Crude oil, Brent","Natural gas, Europe","Coal, Australian",Aluminum,Copper,Nickel,Zinc,Lead,"Iron ore, cfr spot","Wheat, US HRW",Maize,"Sugar, world",Palm oil,Soybeans
1960-01,1.6,0.4,,511,715,1631,261,206,11.4,59.9,45.0,0.07,233,94
1960-02,1.6,0.4,,511,728,1631,245,204,11.4,61.0,44.0,0.07,229,91
1960-03,1.6,0.4,,511,685,1631,249,210,11.4,61.7,45.0,0.07,225,92
1960-04,1.6,0.4,,511,723,1631,255,214,11.4,61.0,45.0,0.07,225,93
1960-05,1.6,0.4,,511,685,1631,254,213,11.4,57.7,48.0,0.07,225,93
1960-06,1.6,0.4,,511,692,1631,250,202,11.4,55.5,47.0,0.07,219,91
1960-07,1.6,0.4,,511,702,1631,249,196,11.4,54.8,47.0,0.07,221,92
1960-08,1.6,0.4,,511,676,1631,241,195,11.4,55.1,47.0,0.07,225,93
1960-09,1.6,0.4,,511,647,1631,240,193,11.4,56.6,46.0,0.07,224,92
1960-10,1.6,0.4,,511,613,1631,242,185,11.4,57.0,42.0,0.05,222,88
1960-11,1.6,0.4,,511,642,1631,241,188,11.4,57.7,38.0,0.05,222,90
1960-12,1.6,0.4,,511,637,1631,228,179,11.4,58.1,40.0,0.06,223,93
1961-01,1.6,0.4,,511,607,1711,218,176,11.0,58.8,43.0,0.06,223,102
1961-02,1.6,0.4,,511,617,1711,228,180,11.0,59.2,44.0,0.06,228,114
1961-03,1.6,0.4,,511,621,1711,233,182,11.0,58.1,44.0,0.06,231,121
1961-04,1.6,0.4,,511,632,1711,231,185,11.0,57.3,43.0,0.07,233,129
1961-05,1.6,0.4,,511,668,1711,227,184,11.0,55.9,45.0,0.07,234,122
1961-06,1.6,0.4,,511,652,1711,218,178,11.0,54.4,44.0,0.07,233,114
1961-07,1.6,0.4,,511,633,1711,215,179,11.0,56.6,45.0,0.06,229,112
1961-08,1.6,0.4,,511,636,1711,211,178,11.0,58.8,44.0,0.05,226,101
1961-09,1.6,0.4,,511,633,1711,204,176,11.0,59.9,43.0,0.05,226,98
1961-10,1.6,0.4,,511,630,1711,198,173,11.0,60.3,47.6,0.05,226,98
1961-11,1.6,0.4,,511,632,1711,192,166,11.0,61.7,48.4,0.05,226,100
1961-12,1.6,0.4,,511,635,1711,197,167,11.0,62.5,48.4,0.05,226,101
1962-01,1.5,0.4,,511,635,1761,194,163,11.0,60.6,48.0,0.05,236,101
1962-02,1.5,0.4,,505,648,1761,190,162,11.0,61.4,48.0,0.05,237,101
1962-03,1.5,0.4,,496,648,1761,191,167,11.0,61.7,48.8,0.06,223,103
1962-04,1.5,0.4,,496,646,1761,191,167,11.0,62.1,48.8,0.06,220,104
1962-05,1.5,0.4,,496,646,1761,189,165,11.0,63.6,49.6,0.06,219,104
1962-06,1.5,0.4,,496,646,1761,185,159,11.0,64.3,49.6,0.06,216,102
1962-07,1.5,0.4,,496,646,1761,182,148,11.0,65.4,48.8,0.06,213,101
1962-08,1.5,0.4,,496,646,1761,178,141,11.0,66.5,47.2,0.06,209,95
1962-09,1.5,0.4,,496,646,1761,177,143,11.0,65.8,47.6,0.06,205,95
1962-10,1.5,0.4,,496,646,1761,182,146,11.0,64.3,47.6,0.07,197,97
1962-11,1.5,0.4,,496,646,1761,189,150,11.0,68.7,48.4,0.08,208,101
1962-12,1.5,0.4,,496,646,1761,185,153,11.0,67.6,51.2,0.09,211,102
1963-01,1.5,0.4,,496,646,1741,186,149,11.0,67.2,52.8,0.12,218,107
1963-02,1.5,0.4,,496,646,1742,192,151,11.0,68.3,53.2,0.13,218,110
1963-03,1.5,0.4,,496,646,1742,198,154,11.0,69.5,52.4,0.14,218,109
1963-04,1.5,0.4,,496,646,1741,204,159,11.0,70.9,52.0,0.16,218,107
1963-05,1.5,0.4,,496,646,1742,209,167,11.0,67.6,52.4,0.22,218,109
1963-06,1.5,0.4,,496,646,1742,209,179,11.0,58.4,55.5,0.22,220,108
1963-07,1.5,0.4,,496,646,1741,205,180,11.0,57.7,56.7,0.2,222,109
1963-08,1.5,0.4,,496,646,1742,210,185,11.0,58.4,55.5,0.14,225,106
1963-09,1.5,0.4,,496,646,1742,211,187,11.0,60.6,55.9,0.16,225,109
1963-10,1.5,0.4,,507,646,1741,221,192,11.0,65.0,53.2,0.23,227,117
1963-11,1.5,0.4,,507,646,1742,232,191,11.0,65.0,52.4,0.25,230,116
1963-12,1.5,0.4,,507,650,1742,261,205,11.0,65.0,53.5,0.23,232,114
1964-01,1.5,0.4,,507,656,1741,264,218,10.2,64.0,55.1,0.23,233,117
1964-02,1.5,0.4,,507,694,1742,271,223,10.2,66.1,52.8,0.2,233,113
1964-03,1.5,0.4,,525,745,1742,277,224,10.2,66.9,54.3,0.16,233,111
1964-04,1.5,0.4,,529,862,1741,299,227,10.2,67.6,55.5,0.17,233,107
1964-05,1.5,0.4,,529,828,1742,343,244,10.2,69.5,55.9,0.15,233,105
1964-06,1.5,0.4,,529,808,1742,357,246,10.2,65.0,56.3,0.12,234,104
1964-07,1.5,0.4,,529,855,1741,385,271,10.2,68.7,55.9,0.1,235,102
1964-08,1.5,0.4,,529,999,1742,345,301,10.2,68.7,54.7,0.09,236,104
1964-09,1.5,0.4,,529,1162,1742,355,301,10.2,69.1,55.1,0.08,238,110
1964-10,1.5,0.4,,529,1358,1741,334,332,10.2,68.7,52.8,0.08,251,114
1964-11,1.5,0.4,,529,1400,1742,345,365,10.2,68.0,52.8,0.07,255,118
1964-12,1.5,0.4,,540,1269,1742,343,384,10.2,68.0,54.3,0.06,261,122
1965-01,1.4,0.4,,540,1001,1735,322,348,10.2,66.1,55.9,0.05,266,123
1965-02,1.4,0.4,,540,1180,1735,320,390,10.2,61.4,56.7,0.05,283,128
1965-03,1.4,0.4,,540,1237,1735,316,395,10.2,61.0,57.1,0.05,292,125
1965-04,1.4,0.4,,540,1348,1735,316,353,10.2,59.9,57.5,0.05,298,123
1965-05,1.4,0.4,,540,1379,1735,323,302,15.3,59.2,58.7,0.05,303,119
1965-06,1.4,0.4,,540,1309,1735,314,279,10.2,58.1,58.3,0.04,295,122
1965-07,1.4,0.4,,540,1134,1735,310,272,10.2,57.3,56.7,0.04,280,120
1965-08,1.4,0.4,,540,1210,1735,304,272,10.2,57.7,55.1,0.04,258,111
1965-09,1.4,0.4,,540,1328,1735,300,289,10.2,58.4,53.9,0.04,247,106
1965-10,1.4,0.4,,540,1402,1735,308,307,10.2,58.1,51.6,0.04,250,104
1965-11,1.4,0.4,,540,1469,1735,299,299,10.2,58.1,51.6,0.04,250,107
1965-12,1.4,0.4,,540,1518,1735,303,301,10.2,58.4,55.1,0.04,249,113
1966-01,1.4,0.4,,540,1679,1739,303,301,9.5,58.4,57.1,0.05,247,120
1966-02,1.4,0.4,,540,1874,1739,300,292,9.5,58.8,57.1,0.05,248,122
1966-03,1.4,0.4,,540,1875,1739,301,293,9.5,58.8,55.5,0.05,245,120
1966-04,1.4,0.4,,540,1907,1739,279,280,9.5,58.8,55.9,0.05,234,122
1966-05,1.4,0.4,,540,1664,1739,270,262,9.5,58.8,55.1,0.05,226,125
1966-06,1.4,0.4,,540,1696,1739,272,259,9.5,62.1,57.1,0.04,225,131
1966-07,1.4,0.4,,540,1568,1739,265,263,9.5,65.4,59.1,0.04,235,139
1966-08,1.4,0.4,,540,1195,1739,265,243,9.5,67.6,62.6,0.04,240,140
1966-09,1.4,0.4,,540,1128,1739,271,254,9.5,67.2,61.0,0.03,240,128
1966-10,1.4,0.4,,540,1275,1739,276,234,9.5,66.1,58.7,0.03,231,120
1966-11,1.4,0.4,,540,1302,1739,288,223,9.5,65.8,59.1,0.03,226,121
1966-12,1.4,0.4,,540,1215,1739,286,224,9.5,67.6,61.4,0.03,231,121
1967-01,1.3,0.5,,540,1244,1936,280,220,8.9,67.2,60.2,0.03,234,117
1967-02,1.3,0.5,,540,1220,1936,282,222,8.9,68.0,59.1,0.04,231,117
1967-03,1.3,0.5,,540,1098,1936,279,228,8.9,69.8,59.1,0.03,223,116
1967-04,1.3,0.5,,540,995,1936,272,227,8.9,68.3,57.9,0.05,223,116
1967-05,1.3,0.5,,540,1036,1936,275,226,8.9,68.3,57.1,0.06,224,116
1967-06,1.3,0.5,,540,1015,1936,274,228,8.9,66.5,57.1,0.05,229,117
1967-07,1.3,0.5,,540,997,1936,267,231,8.9,64.7,55.1,0.04,229,115
1967-08,1.3,0.5,,540,1045,1936,269,232,8.9,63.9,52.0,0.04,229,111
1967-09,1.3,0.5,,540,1060,1936,265,227,8.9,63.2,49.2,0.04,225,111
1967-10,1.3,0.5,,540,1138,1936,264,226,8.9,63.6,48.0,0.04,222,110
1967-11,1.3,0.5,,540,1444,1936,287,242,8.9,62.8,47.6,0.05,218,116
1967-12,1.3,0.5,,540,1324,1936,266,222,8.9,62.1,46.9,0.05,195,113
1968-01,1.3,0.5,,540,1409,2075,263,218,8.8,62.1,51.6,0.05,191,114
1968-02,1.3,0.5,,540,1720,2075,260,228,8.8,62.8,51.2,0.05,191,115
1968-03,1.3,0.5,,540,1701,2075,258,234,8.8,63.6,50.0,0.04,191,116
1968-04,1.3,0.5,,540,1255,2075,258,235,8.8,61.7,48.0,0.04,189,113
1968-05,1.3,0.5,,540,1097,2075,262,238,8.8,60.3,48.4,0.04,186,114
1968-06,1.3,0.5,,562,1137,2075,262,239,8.8,61.7,47.6,0.04,175,112
1968-07,1.3,0.5,,562,1054,2075,266,247,8.8,63.6,47.2,0.04,172,111
1968-08,1.3,0.5,,562,1056,2075,269,250,8.8,63.9,44.9,0.03,150,106
1968-09,1.3,0.5,,562,1110,2075,263,252,8.8,63.6,44.1,0.03,142,105
1968-10,1.3,0.5,,562,1080,2075,262,248,8.8,63.6,44.9,0.04,142,104
1968-11,1.3,0.5,,562,1100,2075,264,249,8.8,63.2,49.2,0.05,143,109
1968-12,1.3,0.5,,562,1185,2075,269,250,8.8,63.2,48.4,0.06,153,111
1969-01,1.3,0.5,,573,1256,2363,269,254,9.8,63.2,50.4,0.06,158,111
1969-02,1.3,0.5,,584,1285,2363,267,258,9.8,62.8,50.4,0.07,158,109
1969-03,1.3,0.5,,584,1278,2363,272,261,9.8,62.1,50.4,0.08,180,111
1969-04,1.3,0.5,,584,1388,2363,273,268,9.8,62.1,51.6,0.08,170,110
1969-05,1.3,0.5,,584,1392,2363,279,278,9.8,62.1,54.3,0.08,166,112
1969-06,1.3,0.5,,584,1483,2363,281,286,9.8,61.7,54.3,0.08,165,110
1969-07,1.3,0.5,,584,1454,2363,284,311,9.8,60.3,53.9,0.08,162,102
1969-08,1.3,0.5,,584,1607,2363,294,316,9.8,56.2,53.5,0.07,171,99
1969-09,1.3,0.5,,584,1579,2363,299,303,9.8,53.7,51.2,0.06,181,101
1969-10,1.3,0.5,,602,1554,2363,299,294,9.8,52.2,51.9,0.07,203,103
1969-11,1.3,0.5,,606,1631,2363,310,316,9.8,52.2,53.2,0.07,203,107
1969-12,1.3,0.5,,606,1700,2363,310,334,9.8,52.2,52.4,0.06,255,106
1970-01,1.2,0.4,7.8,606,1626,2846,302,325,9.8,52.2,58.4,0.08,255,107
1970-02,1.2,0.4,7.8,606,1657,2846,298,341,9.8,52.2,58.4,0.07,256,110
1970-03,1.2,0.4,7.8,606,1754,2846,296,336,9.8,52.2,58.4,0.07,259,111
1970-04,1.2,0.4,7.8,613,1742,2846,293,321,9.8,52.2,58.4,0.08,268,112
1970-05,1.2,0.4,7.8,617,1598,2846,292,292,9.8,52.2,58.4,0.08,279,115
1970-06,1.2,0.4,7.8,617,1458,2846,293,308,9.8,52.2,58.4,0.08,277,118
1970-07,1.2,0.4,7.8,617,1367,2846,298,301,9.8,52.5,58.4,0.08,261,122
1970-08,1.2,0.4,7.8,617,1267,2846,298,285,9.8,54.0,58.4,0.08,240,120
1970-09,1.2,0.4,7.8,617,1247,2846,300,285,9.8,56.2,58.4,0.09,226,119
1970-10,1.2,0.4,7.8,617,1142,2846,297,285,9.8,58.8,58.4,0.09,257,123
1970-11,1.2,0.4,7.8,617,1085,2846,293,280,9.8,61.0,58.4,0.09,270,125
1970-12,1.2,0.4,7.8,617,1046,2846,289,277,9.8,63.2,58.4,0.09,272,121
1971-01,1.6,0.5,8.7,617,1010,2932,285,263,10.3,63.6,58.4,0.1,273,125
1971-02,1.6,0.5,8.7,617,1020,2932,272,266,10.3,63.6,58.4,0.11,273,125
1971-03,1.6,0.5,8.7,617,1144,2932,284,267,10.3,62.8,58.4,0.1,278,124
1971-04,1.6,0.5,8.7,617,1252,2932,284,268,10.3,62.5,58.4,0.1,269,119
1971-05,1.6,0.5,8.7,617,1114,2932,288,265,10.3,63.2,58.4,0.1,243,122
1971-06,1.6,0.5,8.7,617,1074,2932,309,273,10.3,61.4,58.4,0.09,241,127
1971-07,1.7,0.5,8.7,617,1115,2932,318,262,10.3,61.4,58.4,0.09,263,134
1971-08,1.7,0.5,8.7,628,1098,2932,323,258,10.3,61.0,58.4,0.09,283,131
1971-09,1.7,0.5,8.7,639,1056,2932,311,239,10.3,61.0,58.4,0.09,272,124
1971-10,1.7,0.5,8.7,639,1041,2932,337,230,10.3,60.3,58.4,0.09,254,125
1971-11,1.7,0.5,8.7,642,1014,2932,344,222,10.3,60.3,58.4,0.09,248,125
1971-12,1.7,0.5,8.7,666,1038,2932,359,231,10.3,59.9,58.4,0.13,234,126
1972-01,1.8,0.5,9.6,670,1078,3080,380,252,10.3,59.9,51.3,0.17,218,125
1972-02,1.8,0.5,9.6,670,1112,3080,390,294,10.3,59.9,51.7,0.18,185,127
1972-03,1.8,0.5,9.6,670,1108,3080,397,321,10.3,59.9,52.5,0.19,217,135
1972-04,1.8,0.5,9.6,670,1133,3080,395,316,10.3,60.3,53.7,0.16,227,140
1972-05,1.8,0.5,9.6,600,1106,3080,386,318,10.3,60.3,54.5,0.15,228,140
1972-06,1.8,0.5,9.6,567,1063,3080,371,312,10.3,59.9,52.9,0.14,216,138
1972-07,1.9,0.5,9.6,538,1035,3080,364,304,10.3,60.3,54.1,0.12,215,141
1972-08,1.9,0.5,9.6,540,1047,3080,364,298,10.3,62.1,55.7,0.14,221,141
1972-09,1.9,0.5,9.6,538,1061,3080,368,302,10.3,76.1,59.2,0.16,225,135
1972-10,1.9,0.5,9.6,538,918,3080,364,297,10.3,87.5,57.2,0.16,224,136
1972-11,1.9,0.5,9.6,540,1007,3080,379,298,10.3,88.9,59.2,0.16,219,148
1972-12,1.9,0.5,9.6,540,1024,3080,375,308,10.3,102.9,67.1,0.2,213,174
1973-01,2.1,0.7,11.5,542,1119,3373,387,318,10.3,108.4,79.1,0.21,212,214
1973-02,2.1,0.7,11.5,558,1244,3373,422,340,10.3,98.8,81.1,0.2,259,259
1973-03,2.1,0.7,11.5,571,1510,3373,474,372,10.3,98.5,79.9,0.19,280,258
1973-04,2.4,0.7,11.5,571,1588,3373,513,387,10.3,101.1,77.8,0.2,290,260
1973-05,2.4,0.7,11.5,582,1552,3373,549,396,10.3,102.2,89.0,0.2,324,358
1973-06,2.4,0.7,11.5,602,1749,3373,656,425,10.3,108.4,101.2,0.21,371,470
1973-07,2.7,0.7,11.5,635,2021,3373,842,470,10.3,114.6,109.4,0.21,473,330
1973-08,2.7,0.7,11.5,619,2123,3373,914,448,10.3,192.5,122.4,0.2,536,331
1973-09,2.7,0.7,11.5,604,1936,3373,976,445,10.3,189.6,107.1,0.2,424,266
1973-10,4.1,0.7,11.5,622,2065,3373,1163,472,10.3,182.3,106.4,0.21,435,245
1973-11,4.1,0.7,11.5,650,2273,3373,1625,490,10.3,181.9,107.9,0.22,429,239
1973-12,4.1,0.7,11.5,633,2244,3373,1623,594,10.3,199.5,112.6,0.26,497,254
1974-01,13.0,1.7,16.9,604,2032,3572,1330,566,13.4,213.5,112.3,0.33,579,261
1974-02,13.0,1.7,16.9,619,2292,3572,1516,649,13.4,220.5,131.1,0.47,667,271
1974-03,13.0,1.7,16.9,688,2743,3572,1630,708,13.4,190.7,126.4,0.47,633,265
1974-04,10.6,1.7,16.9,752,3032,3572,1743,702,13.4,162.0,114.2,0.48,614,235
1974-05,10.6,1.7,16.9,765,2876,3572,1782,669,13.4,141.5,113.7,0.52,592,229
1974-06,10.6,1.7,16.9,756,2440,3572,1410,570,13.4,155.8,116.6,0.52,603,228
1974-07,10.0,1.7,16.9,761,1919,4079,1097,549,13.4,169.0,132.3,0.55,610,276
1974-08,10.0,1.7,16.9,849,1803,4079,1066,550,13.4,167.6,145.8,0.68,728,320
1974-09,10.0,1.7,16.9,838,1461,4079,911,539,13.4,170.5,141.4,0.75,707,303
1974-10,10.3,1.7,16.9,844,1399,4079,825,537,13.4,192.2,151.6,0.87,840,335
1974-11,10.3,1.7,16.9,842,1417,4079,794,534,13.4,187.4,144.1,1.24,768,312
1974-12,10.3,1.7,16.9,860,1289,4079,771,534,13.4,185.9,145.3,0.99,689,288
1975-01,10.4,1.7,26.8,895,1211,4431,799,538,17.3,164.2,131.7,0.84,589,256
1975-02,10.4,1.7,26.8,908,1267,4431,794,541,17.3,153.2,120.5,0.75,498,231
1975-03,10.4,1.7,26.8,917,1344,4431,803,543,17.3,147.3,120.2,0.58,478,226
1975-04,10.4,1.7,26.8,897,1329,4431,783,480,17.3,140.4,119.7,0.53,451,229
1975-05,10.4,1.7,26.8,904,1254,4431,747,357,17.3,131.5,114.5,0.39,392,208
1975-06,10.4,1.7,26.8,904,1193,4431,751,353,17.3,127.1,119.1,0.3,356,207
1975-07,10.4,1.7,26.8,864,1222,4431,707,359,17.3,145.1,119.8,0.37,402,224
1975-08,10.4,1.7,26.8,838,1277,4431,737,384,17.3,162.8,131.6,0.41,473,243
1975-09,10.4,1.7,26.8,827,1210,4852,724,370,17.3,165.7,122.3,0.34,412,227
1975-10,10.5,1.7,26.8,816,1179,4852,706,345,17.3,161.7,116.9,0.31,412,211
1975-11,10.5,1.7,26.8,814,1180,4852,705,337,17.3,147.0,110.3,0.3,379,192
1975-12,10.5,1.7,26.8,838,1151,4852,686,333,17.3,142.6,109.2,0.29,368,185
1976-01,11.5,1.7,27.2,853,1193,4850,692,337,22.7,143.7,110.3,0.31,354,189
1976-02,11.5,1.7,27.2,851,1219,4850,690,348,22.7,152.9,113.2,0.3,366,191
1976-03,11.5,1.7,27.2,816,1329,4850,728,384,22.7,152.5,113.1,0.33,376,190
1976-04,11.5,1.7,27.2,820,1510,4850,789,454,22.7,145.5,111.1,0.31,348,190
1976-05,11.5,1.7,27.2,825,1512,4850,774,483,22.7,141.8,118.2,0.32,345,210
1976-06,11.5,1.7,27.2,805,1550,4850,750,476,22.7,146.2,121.8,0.29,395,248
1976-07,11.6,1.7,27.2,904,1647,4850,776,509,22.7,142.2,121.3,0.29,451,264
1976-08,11.6,1.7,27.2,939,1539,4850,741,483,22.7,126.4,116.1,0.22,431,248
1976-09,11.6,1.7,27.2,996,1459,4938,712,481,22.7,119.8,115.0,0.18,457,261
1976-10,11.9,1.7,27.2,948,1285,5313,639,465,22.7,111.3,106.2,0.18,444,254
1976-11,11.9,1.7,27.2,948,1279,5313,604,459,22.7,106.6,98.7,0.17,457,260
1976-12,11.9,1.7,27.2,974,1287,5313,642,478,22.7,106.2,103.5,0.17,457,269
1977-01,12.5,1.8,28.7,1058,1396,5313,692,560,23.1,108.8,111.6,0.18,462,287
1977-02,12.5,1.8,28.7,1078,1426,5313,703,648,23.1,110.6,110.6,0.19,507,293
1977-03,12.5,1.8,28.7,1082,1515,5313,719,703,23.1,106.9,108.0,0.2,598,328
1977-04,12.4,1.8,28.7,1082,1429,5187,655,648,23.1,102.2,105.8,0.22,647,384
1977-05,12.4,1.8,28.7,1082,1371,5282,611,661,23.1,94.8,100.9,0.2,659,371
1977-06,12.4,1.8,28.7,1102,1312,5313,542,567,23.1,93.0,94.5,0.17,619,326
1977-07,12.6,1.8,28.7,1171,1248,5313,542,562,23.1,96.6,85.0,0.16,520,252
1977-08,12.6,1.8,28.7,1184,1160,5313,520,551,23.1,95.5,76.9,0.17,493,230
1977-09,12.6,1.8,28.7,1184,1195,5313,518,582,23.1,99.9,78.3,0.16,460,205
1977-10,12.7,1.8,28.7,1204,1210,4586,511,615,23.1,104.0,83.2,0.16,450,209
1977-11,12.7,1.8,28.7,1237,1182,4586,525,633,23.1,111.7,93.4,0.16,445,236
1977-12,12.7,1.8,28.7,1261,1261,4586,538,686,23.1,114.6,96.0,0.18,501,241
1978-01,12.7,2.3,27.9,1316,1261,4586,518,664,21.5,114.3,95.8,0.19,514,239
1978-02,12.7,2.3,27.1,1321,1217,4586,478,582,21.5,115.7,101.0,0.19,558,239
1978-03,12.7,2.3,27.1,1299,1254,4586,507,582,21.5,124.2,106.1,0.17,598,273
1978-04,12.7,2.3,27.1,1259,1285,4696,553,573,21.5,130.8,111.5,0.17,603,290
1978-05,12.7,2.3,28.6,1237,1303,4696,562,545,21.5,124.6,112.7,0.16,624,290
1978-06,12.7,2.3,30.2,1248,1333,4645,578,570,21.5,126.4,106.6,0.16,654,278
1978-07,12.8,2.3,30.2,1290,1337,4586,584,582,21.5,127.1,97.3,0.14,622,266
1978-08,12.8,2.3,30.2,1321,1426,4586,618,639,21.5,127.5,92.0,0.16,585,262
1978-09,12.8,2.3,30.2,1382,1442,4586,634,693,21.5,130.8,91.0,0.18,615,264
1978-10,12.9,2.3,30.2,1425,1506,4586,713,830,21.5,137.4,95.9,0.2,623,271
1978-11,13.2,2.3,30.2,1394,1481,4586,695,824,21.5,137.8,100.5,0.18,604,270
1978-12,14.5,2.3,30.2,1409,1533,4586,687,859,21.5,136.3,98.5,0.18,604,278
1979-01,19.0,3.3,30.2,1265,1659,4586,720,992,23.5,137.8,105.4,0.17,636,284
1979-02,22.0,3.3,30.2,1442,1944,4546,793,1055,23.5,140.4,107.0,0.18,694,298
1979-03,23.3,3.3,30.2,1542,2050,4819,795,1177,23.5,140.0,109.5,0.19,688,310
1979-04,23.6,3.3,30.2,1569,2100,5379,789,1161,23.5,140.0,111.5,0.17,666,300
1979-05,32.8,3.3,30.2,1576,1926,5968,778,1239,23.5,143.3,112.6,0.17,665,300
1979-06,36.5,3.3,30.2,1597,1878,6519,754,1382,23.5,167.9,120.4,0.18,675,322
1979-07,35.0,3.3,30.2,1534,1814,6614,722,1272,23.5,174.5,130.5,0.19,678,322
1979-08,35.8,3.3,31.3,1562,1976,6614,665,1213,23.5,169.0,118.9,0.2,652,302
1979-09,36.5,3.3,31.3,1616,2096,6614,724,1231,23.5,174.2,118.0,0.22,640,292
1979-10,38.5,3.3,32.4,1786,2076,6614,707,1319,23.5,178.2,119.1,0.26,602,283
1979-11,42.0,3.3,32.4,1833,2090,6614,702,1225,23.5,178.2,118.2,0.3,620,281
1979-12,40.5,3.3,32.4,1913,2214,6945,751,1233,23.5,180.0,115.3,0.33,630,279
1980-01,40.0,4.2,32.4,2055,2601,6585,774,1118,28.1,175.6,105.4,0.38,662,268
1980-02,38.5,4.2,32.4,2131,2918,6979,870,1168,28.1,172.7,113.9,0.5,672,271
1980-03,38.3,4.2,32.4,1978,2306,6734,743,1121,28.1,163.5,110.4,0.43,637,264
1980-04,38.2,4.2,39.5,1932,2070,6233,708,969,28.1,156.5,108.2,0.47,611,252
1980-05,38.5,4.2,40.1,1776,2037,6001,692,772,28.1,161.3,110.0,0.68,584,260
1980-06,38.0,4.2,40.7,1669,2006,6295,678,739,28.1,157.6,113.6,0.68,555,262
1980-07,37.4,4.2,40.7,1758,2176,6622,714,811,28.1,168.7,128.9,0.61,545,303
1980-08,33.6,4.2,44.2,1784,2082,6585,769,853,28.1,171.2,143.5,0.7,518,309
1980-09,33.4,4.2,44.6,1655,2060,6655,796,883,28.1,179.7,140.8,0.76,509,335
1980-10,37.9,4.2,44.6,1626,2040,6692,805,879,28.1,188.1,140.4,0.89,507,340
1980-11,40.8,4.2,45.0,1504,2010,6453,802,813,28.1,195.1,146.6,0.83,585,367
1980-12,40.2,4.2,45.0,1431,1879,6391,784,743,28.1,182.6,141.5,0.63,619,324
1981-01,40.3,4.6,45.0,1431,1869,6404,777,705,28.1,189.6,148.8,0.62,625,323
1981-02,38.7,4.6,45.0,1452,1801,6371,731,689,28.1,181.5,143.3,0.53,640,306
1981-03,38.3,4.6,45.0,1443,1818,6292,751,730,28.1,175.3,142.1,0.5,620,305
1981-04,37.2,4.6,56.5,1369,1821,6307,824,759,28.1,180.4,145.5,0.39,588,316
1981-05,35.2,4.6,56.5,1297,1742,6352,851,697,28.1,171.6,141.3,0.33,599,306
1981-06,33.3,4.6,56.5,1232,1700,6169,840,712,28.1,168.7,136.1,0.36,640,291
1981-07,35.1,4.6,56.5,1175,1682,6150,865,784,28.1,167.9,137.6,0.36,600,294
1981-08,35.8,4.6,56.5,1231,1787,5999,955,824,28.1,170.1,127.1,0.33,531,283
1981-09,35.9,4.6,56.5,1169,1710,5579,939,764,28.1,171.2,115.5,0.26,509,264
1981-10,36.5,4.6,56.5,1140,1666,5217,892,717,28.1,168.7,112.7,0.27,513,260
1981-11,37.1,4.6,56.5,1082,1651,5100,877,666,28.1,178.6,111.8,0.26,500,257
1981-12,36.7,4.6,56.5,1131,1655,5496,846,674,28.1,176.0,107.6,0.29,483,256
1982-01,35.8,4.5,55.6,1113,1611,5629,819,648,32.5,173.1,115.4,0.29,502,262
1982-02,31.6,4.5,55.6,1088,1598,5717,823,618,32.5,170.9,112.6,0.29,528,254
1982-03,29.3,4.5,55.6,1029,1510,5653,790,613,32.5,168.7,114.2,0.25,507,254
1982-04,33.1,4.5,55.6,996,1522,5394,743,575,32.5,169.8,117.8,0.21,509,265
1982-05,35.2,4.5,55.6,973,1528,5212,750,575,32.5,167.6,118.1,0.18,511,269
1982-06,34.6,4.5,55.6,919,1300,5187,692,521,32.5,155.8,115.0,0.15,494,254
1982-07,33.7,4.5,55.6,958,1441,5069,727,552,32.5,151.8,115.0,0.17,421,249
1982-08,32.8,4.5,55.6,959,1452,4953,716,523,32.5,152.5,102.3,0.15,396,234
1982-09,34.3,4.5,55.6,960,1427,4310,750,515,32.5,152.9,100.9,0.13,380,217
1982-10,35.0,4.5,55.6,952,1461,3917,751,497,32.5,146.6,91.7,0.13,355,214
1982-11,33.8,4.5,55.6,965,1444,3434,710,462,32.5,155.1,102.9,0.14,362,231
1982-12,31.8,4.5,45.5,987,1473,3576,669,448,32.5,159.8,105.5,0.14,376,232
1983-01,30.9,4.1,43.0,1077,1572,3797,699,475,29.0,165.0,107.8,0.13,372,235
1983-02,29.1,4.1,43.0,1230,1647,4228,681,455,29.0,164.2,117.3,0.14,367,239
1983-03,28.2,4.1,43.0,1302,1598,4832,678,443,29.0,166.1,125.2,0.14,378,242
1983-04,29.8,4.1,43.0,1364,1675,4818,698,458,29.0,167.2,133.4,0.15,419,253
1983-05,29.6,4.1,43.0,1453,1766,5032,736,433,29.0,160.2,133.9,0.2,432,252
1983-06,30.2,4.1,43.0,1466,1701,4883,718,408,29.0,151.8,135.0,0.24,394,243
1983-07,30.8,4.1,34.8,1520,1704,4804,740,403,29.0,147.3,140.6,0.23,425,263
1983-08,31.1,4.1,34.8,1604,1640,4853,809,398,29.0,152.5,152.8,0.23,559,339
1983-09,30.4,4.1,34.8,1614,1561,4911,838,405,29.0,156.5,147.8,0.21,645,350
1983-10,29.9,4.1,34.8,1566,1435,4674,859,419,29.0,152.9,148.2,0.21,671,329
1983-11,29.2,4.1,32.0,1517,1389,4585,859,405,29.0,151.8,147.0,0.18,661,324
1983-12,29.0,4.1,29.3,1549,1415,4657,857,402,29.0,153.6,143.3,0.17,695,311
1984-01,29.6,3.8,29.3,1549,1376,4671,958,398,26.2,152.9,141.9,0.15,875,305
1984-02,29.9,3.8,29.3,1491,1430,4640,998,405,26.2,150.7,137.0,0.15,875,293
1984-03,30.1,3.8,29.3,1456,1501,4781,1041,460,26.2,154.0,147.1,0.14,845,314
1984-04,30.1,3.8,29.3,1370,1533,4912,1004,482,26.2,157.3,148.0,0.13,841,315
1984-05,29.9,3.8,29.3,1289,1421,4811,1001,453,26.2,154.0,146.1,0.12,951,338
1984-06,29.2,3.8,31.8,1275,1367,4773,942,484,26.2,149.9,147.0,0.12,783,308
1984-07,27.9,3.8,31.8,1163,1331,4640,854,494,26.2,147.0,142.6,0.1,580,270
1984-08,28.1,3.8,31.8,1136,1338,4736,834,467,26.2,152.5,138.8,0.09,562,261
1984-09,28.4,3.8,31.8,1012,1294,4706,873,402,26.2,155.1,130.4,0.09,611,245
1984-10,27.8,3.8,31.8,1028,1273,4750,844,412,26.2,152.9,121.2,0.1,615,245
1984-11,27.7,3.8,32.8,1152,1345,4748,855,441,26.2,152.5,117.4,0.1,616,250
1984-12,27.0,3.8,33.8,1095,1321,4859,860,416,26.2,149.6,114.0,0.08,592,241
1985-01,27.0,3.7,33.8,1075,1359,4947,867,421,26.6,149.2,119.0,0.08,583,243
1985-02,28.2,3.7,33.8,1098,1389,5051,887,368,26.6,147.3,119.8,0.08,595,239
1985-03,28.1,3.7,33.8,1095,1390,5212,921,352,26.6,145.1,120.2,0.08,651,241
1985-04,27.9,3.7,33.8,1106,1502,5490,931,390,26.6,143.7,120.1,0.08,653,243
1985-05,26.7,3.7,33.8,1105,1531,5604,881,376,26.6,136.3,116.7,0.06,610,231
1985-06,26.5,3.7,33.8,1032,1432,5553,808,389,26.6,134.1,116.0,0.06,556,227
1985-07,26.6,3.7,33.8,1012,1475,5091,767,403,26.6,128.6,114.9,0.07,487,223
1985-08,27.2,3.7,33.8,1019,1420,4908,735,414,26.6,123.1,105.5,0.1,404,211
1985-09,27.2,3.7,33.8,985,1366,4570,690,400,26.6,125.3,101.9,0.11,360,207
1985-10,27.9,3.7,33.8,971,1385,4240,632,393,26.6,127.5,98.6,0.11,356,205
1985-11,29.1,3.7,33.8,950,1370,4035,598,394,26.6,132.6,106.2,0.12,362,210
1985-12,25.9,3.7,33.8,1039,1391,4090,685,390,26.6,137.1,107.9,0.12,390,213
1986-01,25.8,3.7,33.8,1119,1418,4035,644,368,26.3,132.3,107.8,0.11,342,221
1986-02,17.6,3.7,33.8,1115,1406,3988,609,367,26.3,129.7,103.2,0.12,283,216
1986-03,13.9,3.7,30.8,1168,1445,4123,626,367,26.3,134.5,100.9,0.15,243,217
1986-04,12.5,3.7,30.8,1164,1435,3999,660,370,26.3,132.6,101.3,0.18,242,213
1986-05,14.2,3.7,30.8,1164,1419,4043,707,377,26.3,119.4,105.6,0.17,238,215
1986-06,11.9,3.7,30.8,1183,1413,4087,804,418,26.3,105.8,103.5,0.14,243,213
1986-07,9.5,3.7,30.8,1123,1344,3911,807,380,26.3,101.8,83.0,0.12,221,209
1986-08,13.7,3.7,30.8,1129,1303,3807,816,392,26.3,102.2,72.3,0.12,197,202
1986-09,14.2,3.7,30.8,1206,1347,3724,871,407,26.3,103.6,65.7,0.1,207,195
1986-10,13.8,3.7,30.8,1162,1317,3644,886,435,26.3,104.7,65.3,0.12,272,197
1986-11,14.6,3.7,30.8,1132,1303,3642,820,473,26.3,105.1,72.4,0.13,303,204
1986-12,15.9,3.7,29.3,1133,1336,3572,798,518,26.3,107.3,69.6,0.13,293,199
1987-01,18.4,2.6,29.3,1171,1346,3525,760,464,25.3,109.1,67.9,0.14,350,200
1987-02,17.3,2.6,29.3,1283,1380,3717,740,460,25.3,112.1,66.1,0.16,330,198
1987-03,17.9,2.6,29.3,1367,1466,3772,732,487,25.3,115.4,71.6,0.17,313,199
1987-04,18.1,2.6,24.8,1401,1484,3898,762,556,25.3,113.2,74.9,0.15,339,207
1987-05,18.8,2.6,24.8,1412,1520,4436,839,693,25.3,119.1,81.8,0.15,341,221
1987-06,18.9,2.6,24.8,1472,1572,4436,878,629,25.3,108.8,80.7,0.14,342,228
1987-07,19.8,2.6,27.0,1653,1695,4753,830,664,25.3,104.7,76.4,0.13,300,222
1987-08,19.0,2.6,27.0,1810,1756,5307,804,659,25.3,106.9,71.7,0.12,308,215
1987-09,18.4,2.6,27.0,1746,1811,5333,757,647,25.3,112.1,73.6,0.13,335,214
1987-10,18.8,2.6,27.0,1963,1967,5692,770,601,25.3,113.9,78.9,0.15,353,217
1987-11,17.8,2.6,29.0,1681,2524,5937,848,642,25.3,115.0,81.7,0.16,368,228
1987-12,17.1,2.6,31.0,1824,2869,7661,866,659,25.3,124.6,83.2,0.18,432,240
1988-01,16.9,2.4,31.0,2002,2663,8073,879,667,24.3,128.6,85.9,0.21,486,254
1988-02,15.8,2.4,31.0,2138,2330,8667,876,656,24.3,131.5,88.0,0.19,403,254
1988-03,14.8,2.4,33.0,2526,2359,15497,982,649,24.3,124.9,90.2,0.19,381,257
1988-04,16.6,2.4,33.0,2508,2286,18012,1069,649,24.3,126.8,89.5,0.19,403,270
1988-05,16.4,2.4,33.0,2988,2448,17025,1177,668,24.3,129.0,89.3,0.2,422,285
1988-06,15.6,2.4,36.0,3578,2540,15590,1365,678,24.3,149.9,120.3,0.23,496,353
1988-07,14.9,2.4,36.0,2582,2214,14591,1237,619,24.3,149.6,125.5,0.31,517,351
1988-08,15.0,2.4,36.0,2701,2201,14187,1309,602,24.3,149.9,119.9,0.25,450,342
1988-09,13.3,2.4,37.0,2387,2436,11878,1330,610,24.3,159.5,121.4,0.22,428,337
1988-10,12.5,2.4,37.0,2309,2940,11558,1520,655,24.3,162.0,121.4,0.23,431,313
1988-11,13.0,2.4,37.5,2382,3305,13342,1559,691,24.3,163.9,114.4,0.24,418,313
1988-12,15.2,2.4,38.0,2503,3499,16920,1594,731,24.3,166.8,116.9,0.25,411,313
1989-01,17.0,2.1,38.0,2398,3394,17725,1734,676,27.8,173.8,118.2,0.21,383,318
1989-02,16.7,2.1,38.0,2183,3097,18524,1932,622,27.8,172.0,117.4,0.23,401,307
1989-03,18.7,2.1,38.0,2074,3264,17157,1962,589,27.8,178.2,118.4,0.25,399,313
1989-04,19.8,2.1,38.0,2126,3118,15261,1656,608,27.8,174.5,115.7,0.27,391,297
1989-05,18.4,2.1,38.0,2259,2739,13454,1628,643,27.8,176.4,117.6,0.26,406,297
1989-06,17.5,2.1,38.0,1914,2546,12143,1539,666,27.8,168.7,113.0,0.28,373,291
1989-07,17.8,2.1,38.0,1756,2505,12275,1617,692,27.8,166.8,108.7,0.31,331,272
1989-08,17.1,2.1,38.0,1798,2762,12910,1730,702,27.8,164.2,100.9,0.31,309,236
1989-09,17.8,2.1,38.0,1718,2884,11222,1629,728,27.8,163.5,103.4,0.31,323,237
1989-10,19.0,2.1,38.0,1820,2861,10425,1585,752,27.8,164.6,107.3,0.32,321,238
1989-11,19.2,2.1,38.0,1736,2591,9793,1438,693,27.8,163.5,108.5,0.33,301,246
1989-12,19.9,2.1,38.0,1633,2419,8809,1455,711,27.8,164.6,109.2,0.3,267,248
1990-01,21.0,2.8,38.0,1528,2367,7056,1297,708,32.5,167.9,105.6,0.31,279,242
1990-02,19.9,2.8,38.0,1454,2360,6977,1397,780,32.5,160.9,106.1,0.32,271,240
1990-03,18.5,2.8,38.0,1567,2626,9267,1607,1062,32.5,156.5,109.7,0.34,286,242
1990-04,16.8,2.8,38.0,1526,2686,8940,1686,836,32.5,159.5,118.8,0.34,267,247
1990-05,16.7,2.8,40.5,1527,2742,8698,1775,826,32.5,149.2,121.0,0.32,281,259
1990-06,15.7,2.8,40.5,1566,2585,8422,1715,838,32.5,135.6,120.9,0.29,272,249
1990-07,17.6,2.8,40.5,1571,2769,9318,1637,875,32.5,124.9,114.9,0.26,279,252
1990-08,27.1,2.8,40.5,1782,2957,10957,1615,876,32.5,116.8,110.1,0.24,291,250
1990-09,34.1,2.8,40.5,2067,3031,10844,1538,839,32.5,114.3,101.5,0.24,284,250
1990-10,36.1,2.8,40.5,1946,2744,9145,1353,761,32.5,114.6,100.3,0.22,290,247
1990-11,33.0,2.8,40.5,1618,2586,8587,1278,701,32.5,112.8,100.4,0.22,331,239
1990-12,28.0,2.8,40.5,1522,2485,8158,1265,625,32.5,113.2,102.0,0.21,346,244
1991-01,23.7,3.4,40.5,1515,2449,8569,1206,600,34.8,111.3,105.7,0.19,349,239
1991-02,19.4,3.4,40.5,1505,2449,8672,1188,594,34.8,113.9,106.1,0.19,338,241
1991-03,19.5,3.3,39.5,1496,2410,8701,1199,603,34.8,119.4,109.5,0.2,348,244
1991-04,19.3,3.5,39.5,1392,2472,9021,1253,601,34.8,120.9,110.3,0.19,319,245
1991-05,19.3,3.4,39.5,1296,2306,8452,1091,555,34.8,122.0,105.7,0.17,318,241
1991-06,18.2,3.3,39.5,1275,2219,8280,1062,549,34.8,120.2,104.2,0.2,311,241
1991-07,19.5,3.0,39.5,1297,2236,8541,1063,548,34.8,118.3,105.1,0.23,341,229
1991-08,19.8,3.0,39.5,1256,2233,8145,1046,540,34.8,125.3,110.4,0.21,338,241
1991-09,20.5,3.0,39.5,1212,2325,7681,1023,540,34.8,135.2,108.9,0.2,323,246
1991-10,22.2,2.7,39.5,1150,2364,7443,992,522,34.8,147.0,109.7,0.2,345,237
1991-11,21.3,2.7,39.5,1135,2380,7245,1093,506,34.8,149.6,106.5,0.19,362,237
1991-12,18.4,2.7,39.5,1098,2223,7118,1188,532,34.8,160.9,106.9,0.2,376,234
1992-01,18.2,2.6,39.5,1177,2139,7517,1154,515,33.1,170.1,109.3,0.18,383,236
1992-02,18.1,2.5,39.5,1267,2206,7862,1131,505,33.1,177.1,113.6,0.17,382,237
1992-03,17.6,2.6,39.5,1280,2227,7418,1215,521,33.1,169.4,117.0,0.18,396,240
1992-04,19.0,2.5,39.5,1317,2215,7421,1304,533,33.1,159.8,108.5,0.21,402,235
1992-05,19.9,2.5,39.5,1307,2217,7327,1373,520,33.1,149.6,109.6,0.21,390,247
1992-06,21.2,2.5,39.5,1276,2299,7193,1385,548,33.1,148.8,110.9,0.23,404,253
1992-07,20.3,2.6,39.5,1313,2520,7498,1320,626,33.1,136.3,102.8,0.23,382,237
1992-08,19.8,2.6,39.5,1305,2522,7268,1360,655,33.1,128.2,97.0,0.22,382,229
1992-09,20.3,2.6,39.5,1270,2414,6918,1367,621,33.1,138.9,98.1,0.21,391,227
1992-10,20.3,2.6,37.3,1174,2249,6305,1164,537,33.1,140.7,95.1,0.19,396,221
1992-11,19.2,2.6,35.0,1159,2158,5565,1047,460,33.1,147.7,94.5,0.19,413,229
1992-12,18.2,2.6,35.0,1207,2207,5724,1058,455,33.1,147.7,94.6,0.18,401,235
1993-01,17.4,2.8,35.0,1207,2257,5931,1061,437,29.1,155.8,94.2,0.18,410,239
1993-02,18.5,2.7,31.0,1202,2213,6039,1072,414,29.1,148.8,94.4,0.19,425,236
1993-03,18.8,2.8,31.0,1151,2153,5971,996,406,29.1,148.1,97.1,0.23,408,238
1993-04,18.7,2.7,31.0,1109,1950,5972,1005,421,29.1,141.8,100.6,0.25,392,244
1993-05,18.5,2.7,31.0,1124,1795,5763,980,407,29.1,136.7,98.6,0.26,371,246
1993-06,17.7,2.7,31.0,1165,1853,5532,926,394,29.1,122.0,92.8,0.23,356,245
1993-07,16.8,2.7,31.0,1202,1927,5036,928,388,29.1,127.5,101.3,0.21,362,287
1993-08,16.7,2.7,31.0,1172,1947,4722,884,388,29.1,129.7,100.3,0.21,356,274
1993-09,16.0,2.6,31.0,1115,1862,4353,874,376,29.1,131.2,100.9,0.21,352,260
1993-10,16.6,2.6,31.0,1087,1646,4449,915,384,29.1,136.0,106.5,0.23,333,249
1993-11,15.2,2.6,31.0,1040,1630,4634,928,400,29.1,146.6,116.7,0.22,357,267
1993-12,13.6,2.6,31.0,1094,1724,5119,974,461,29.1,158.7,121.8,0.23,411,276
1994-01,14.3,2.5,31.0,1175,1805,5578,997,490,26.5,153.2,127.2,0.23,404,282
1994-02,13.8,2.4,31.0,1270,1866,5825,969,485,26.5,147.0,123.2,0.24,387,273
1994-03,14.0,2.4,29.5,1289,1915,5588,936,452,26.5,141.1,119.4,0.26,395,274
1994-04,15.2,2.4,29.5,1279,1882,5408,924,440,26.5,140.4,113.2,0.24,434,261
1994-05,16.2,2.4,31.4,1323,2151,6087,956,474,26.5,140.0,109.6,0.26,488,256
1994-06,16.8,2.4,33.6,1401,2364,6282,966,525,26.5,139.3,112.2,0.27,508,265
1994-07,17.6,2.4,33.1,1492,2458,6227,964,580,26.5,137.4,97.8,0.26,494,237
1994-08,16.8,2.5,33.1,1455,2406,5860,945,571,26.5,145.9,96.0,0.27,575,232
1994-09,15.9,2.5,33.1,1569,2506,6365,992,614,26.5,158.7,97.5,0.28,614,233
1994-10,16.4,2.6,33.1,1698,2548,6748,1059,642,26.5,167.2,96.5,0.28,616,227
1994-11,17.2,2.6,33.1,1893,2802,7556,1152,667,26.5,162.0,95.5,0.31,707,239
1994-12,16.0,2.6,36.1,1878,2985,8556,1114,634,26.5,164.6,102.5,0.32,719,243
1995-01,16.6,2.7,37.1,2061,3009,9593,1157,667,28.4,156.2,107.0,0.33,655,243
1995-02,17.1,2.7,37.6,1916,2878,8505,1032,580,28.4,154.3,106.7,0.32,661,238
1995-03,17.0,2.7,38.4,1805,2924,7532,1022,586,28.4,150.3,109.7,0.32,687,246
1995-04,18.7,2.7,37.1,1849,2904,7398,1061,609,28.4,148.8,109.3,0.3,625,249
1995-05,18.4,2.7,38.8,1763,2773,7232,1036,597,28.4,158.7,112.0,0.3,611,250
1995-06,17.4,2.7,40.8,1780,2995,7872,1010,612,28.4,170.1,119.9,0.31,631,252
1995-07,15.9,2.8,41.1,1860,3076,8597,1027,622,28.4,190.7,127.0,0.3,655,261
1995-08,16.1,2.8,40.9,1888,3037,8945,1014,624,28.4,184.5,126.4,0.29,616,257
1995-09,16.8,2.8,40.9,1761,2916,8405,986,593,28.4,193.6,130.5,0.26,586,266
1995-10,16.1,2.8,41.0,1674,2814,8062,979,639,28.4,203.7,140.9,0.26,615,271
1995-11,16.9,2.8,39.6,1654,2977,8506,1031,714,28.4,203.9,144.0,0.26,607,282
1995-12,18.0,2.7,39.4,1657,2926,8091,1018,732,28.4,208.9,148.7,0.27,590,296
1996-01,17.9,2.8,39.4,1589,2616,7862,1019,710,30.0,206.9,156.1,0.28,535,305
1996-02,18.0,2.8,39.3,1592,2538,8216,1036,770,30.0,218.9,164.8,0.28,518,299
1996-03,20.0,2.7,39.0,1612,2561,8022,1064,818,30.0,215.3,184.9,0.28,519,295
1996-04,21.0,3.1,39.3,1587,2596,8043,1045,815,30.0,257.6,190.4,0.26,562,316
1996-05,19.1,2.8,38.2,1589,2658,8027,1036,840,30.0,262.1,204.0,0.25,552,322
1996-06,18.3,2.8,38.2,1482,2173,7709,1009,797,30.0,227.3,197.6,0.27,508,308
1996-07,19.6,2.8,38.4,1459,1986,7204,1000,784,30.0,202.6,197.8,0.28,476,312
1996-08,20.6,2.8,38.4,1463,2009,7054,1007,816,30.0,191.6,185.5,0.27,513,317
1996-09,22.6,2.8,38.1,1407,1941,7318,1000,796,30.0,178.7,145.4,0.26,545,319
1996-10,24.2,2.9,37.6,1336,1961,7031,1003,742,30.0,178.0,127.9,0.25,532,290
1996-11,22.6,3.0,35.7,1450,2231,6943,1047,717,30.0,176.4,117.7,0.24,550,286
1996-12,23.9,3.0,35.4,1500,2268,6581,1036,689,30.0,175.7,117.7,0.24,561,289
1997-01,23.5,2.9,35.2,1576,2435,7072,1087,692,30.2,175.7,118.4,0.24,567,301
1997-02,20.8,2.9,34.6,1580,2406,7735,1179,660,30.2,172.4,121.7,0.24,580,308
1997-03,19.2,2.8,34.5,1632,2421,7896,1255,695,30.2,176.6,127.6,0.24,559,332
1997-04,17.5,2.8,35.4,1561,2391,7316,1240,643,30.2,183.5,124.4,0.25,562,338
1997-05,19.1,2.7,35.7,1625,2514,7483,1311,619,30.2,172.6,118.8,0.24,553,298
1997-06,17.6,2.8,34.5,1568,2613,7062,1354,615,30.2,148.4,112.1,0.25,533,278
1997-07,18.4,2.7,35.0,1592,2450,6836,1518,634,30.2,136.2,106.1,0.25,498,306
1997-08,18.7,2.7,36.9,1711,2251,6761,1654,608,30.2,150.6,112.9,0.26,504,265
1997-09,18.5,2.7,37.2,1611,2107,6504,1641,634,30.2,151.7,112.2,0.25,525,269
1997-10,19.9,2.6,37.2,1608,2052,6380,1280,600,30.2,151.6,120.4,0.25,547,278
1997-11,19.0,2.7,33.6,1599,1917,6140,1173,563,30.2,149.9,117.2,0.26,556,288
1997-12,17.0,2.7,31.4,1531,1762,5945,1102,527,30.2,144.6,113.5,0.27,566,284
1998-01,15.1,2.7,31.4,1486,1688,5492,1097,532,31.0,137.1,114.7,0.25,621,273
1998-02,14.1,2.6,33.4,1466,1665,5387,1044,516,31.0,140.1,113.4,0.24,659,273
1998-03,13.1,2.6,31.9,1438,1748,5396,1048,560,31.0,138.9,114.2,0.22,671,265
1998-04,13.4,2.5,31.2,1418,1801,5394,1097,573,31.0,130.2,107.1,0.21,688,259
1998-05,14.4,2.5,30.3,1365,1733,5020,1061,544,31.0,128.9,106.1,0.2,705,247
1998-06,12.1,2.5,30.0,1307,1661,4476,1010,528,31.0,120.6,104.2,0.18,633,242
1998-07,12.0,2.4,30.0,1309,1651,4325,1040,546,31.0,118.9,100.5,0.19,661,238
1998-08,11.9,2.4,26.2,1311,1621,4081,1030,537,31.0,108.0,87.9,0.19,674,219
1998-09,13.4,2.3,27.1,1342,1648,4102,1000,520,31.0,107.9,86.3,0.16,703,216
1998-10,12.6,2.2,27.1,1304,1586,3872,941,493,31.0,126.5,95.5,0.16,694,223
1998-11,10.9,2.2,26.1,1295,1574,4132,967,494,31.0,130.2,98.1,0.18,681,234
1998-12,9.8,2.1,26.1,1249,1474,3878,959,501,31.0,126.2,95.8,0.18,663,230
1999-01,11.1,2.0,26.1,1218,1431,4269,933,492,27.6,125.3,97.4,0.18,632,221
1999-02,10.2,2.0,26.1,1187,1411,4626,1017,514,27.6,117.0,94.2,0.15,561,205
1999-03,12.5,2.0,26.1,1182,1378,5011,1030,508,27.6,117.3,96.2,0.13,497,205
1999-04,15.3,1.9,26.1,1278,1466,5103,1019,519,27.6,113.9,94.1,0.12,509,207
1999-05,15.1,1.9,26.1,1323,1511,5399,1040,542,27.6,113.0,92.5,0.13,475,199
1999-06,15.8,1.9,26.1,1315,1422,5195,1001,496,27.6,111.4,93.7,0.13,392,194
1999-07,19.0,2.0,26.1,1404,1640,5700,1072,496,27.6,103.0,84.0,0.12,319,183
1999-08,20.2,2.1,26.1,1431,1648,6449,1131,503,27.6,111.3,85.7,0.13,354,199
1999-09,22.4,2.2,26.1,1492,1750,7028,1194,507,27.6,113.2,86.5,0.15,388,207
1999-10,22.0,2.5,25.6,1474,1724,7321,1149,497,27.6,108.1,85.8,0.15,381,203
1999-11,24.6,2.5,25.1,1473,1728,7950,1147,478,27.6,108.8,85.4,0.14,370,198
1999-12,25.6,2.7,25.1,1554,1765,8083,1184,479,27.6,102.2,87.2,0.13,354,199
2000-01,25.4,3.4,25.1,1680,1844,8310,1179,472,28.8,105.8,93.3,0.12,348,208
2000-02,27.7,3.5,25.1,1670,1801,9653,1095,452,28.8,107.9,95.2,0.12,332,214
2000-03,27.5,3.5,25.1,1577,1739,10280,1116,441,28.8,105.7,95.1,0.11,349,221
2000-04,22.5,3.7,25.1,1457,1679,9728,1128,421,28.8,105.1,95.2,0.13,372,229
2000-05,27.3,3.6,25.6,1467,1786,10130,1157,412,28.8,112.1,96.4,0.15,324,229
2000-06,29.7,3.6,25.6,1506,1753,8411,1118,420,28.8,113.5,84.3,0.18,315,211
2000-07,28.5,4.0,25.6,1564,1799,8164,1136,452,28.8,109.0,75.3,0.21,312,197
2000-08,29.4,4.0,25.6,1528,1856,8007,1170,473,28.8,108.4,75.6,0.23,306,198
2000-09,32.6,4.0,27.2,1601,1960,8638,1224,487,28.8,117.5,80.4,0.22,288,209
2000-10,30.9,4.3,27.2,1500,1899,7678,1096,486,28.8,128.2,85.0,0.24,255,203
2000-11,32.5,4.4,27.2,1474,1795,7340,1059,468,28.8,127.7,89.2,0.22,257,206
2000-12,25.1,4.4,30.8,1565,1851,7314,1060,462,28.8,128.1,97.6,0.22,265,217
2001-01,25.6,4.7,32.1,1616,1788,6995,1033,478,30.0,132.8,95.2,0.23,254,210
2001-02,27.4,4.6,32.1,1604,1766,6524,1021,502,30.0,128.1,92.0,0.22,240,200
2001-03,24.4,4.6,32.6,1509,1739,6134,1005,498,30.0,130.2,90.3,0.2,254,195
2001-04,25.6,4.5,33.5,1497,1664,6330,969,478,30.0,129.7,88.0,0.19,251,186
2001-05,28.5,4.4,33.8,1539,1682,7061,938,467,30.0,134.9,84.1,0.21,234,184
2001-06,27.7,4.3,33.9,1466,1608,6641,895,444,30.0,127.2,83.3,0.2,255,188
2001-07,24.5,3.8,34.0,1416,1525,5937,852,462,30.0,123.8,91.7,0.19,330,208
2001-08,25.7,3.8,33.8,1377,1464,5521,828,483,30.0,121.9,93.1,0.18,362,212
2001-09,25.5,3.8,32.8,1345,1426,5027,799,465,30.0,122.0,90.1,0.17,310,202
2001-10,20.5,3.5,32.4,1283,1377,4825,762,468,30.0,123.3,86.6,0.15,277,187
2001-11,18.9,3.5,29.4,1327,1428,5078,773,487,30.0,125.3,89.5,0.17,323,189
2001-12,18.6,3.4,27.4,1345,1472,5264,755,483,30.0,122.4,91.9,0.17,360,189
2002-01,19.5,3.1,27.4,1369,1504,6043,793,513,29.3,125.3,92.0,0.17,374,188
2002-02,20.3,3.0,28.1,1369,1562,6029,771,480,29.3,123.3,90.8,0.14,353,187
2002-03,23.7,3.0,27.8,1405,1605,6538,819,480,29.3,122.5,89.6,0.15,359,191
2002-04,25.7,2.8,27.1,1370,1590,6958,808,472,29.3,123.7,87.1,0.15,360,195
2002-05,25.4,2.8,26.9,1343,1596,6761,770,452,29.3,121.5,90.3,0.13,385,197
2002-06,24.1,2.9,24.9,1354,1648,7120,767,440,29.3,132.0,94.1,0.13,426,200
2002-07,25.8,3.0,23.2,1338,1589,7143,795,446,29.3,149.3,98.7,0.14,422,218
2002-08,26.6,3.0,22.3,1292,1480,6717,748,423,29.3,161.3,108.9,0.14,446,227
2002-09,28.3,3.1,22.7,1301,1479,6640,756,421,29.3,187.8,114.1,0.15,425,236
2002-10,27.5,3.3,24.5,1311,1484,6804,755,418,29.3,190.3,109.7,0.17,427,229
2002-11,24.2,3.3,24.5,1372,1582,7314,765,442,29.3,177.4,108.9,0.17,465,243
2002-12,28.5,3.4,24.5,1375,1596,7193,798,444,29.3,162.5,107.0,0.18,489,241
2003-01,31.2,3.6,24.9,1378,1648,8026,781,445,32.0,149.6,106.1,0.18,486,244
2003-02,32.6,3.7,25.2,1422,1684,8623,785,476,32.0,150.8,105.9,0.2,477,243
2003-03,30.3,3.7,24.4,1389,1659,8379,791,457,32.0,141.8,105.6,0.18,454,241
2003-04,25.0,4.0,23.5,1332,1587,7910,755,437,32.0,138.6,105.5,0.17,443,251
2003-05,25.8,4.0,23.3,1398,1648,8331,776,464,32.0,142.0,107.5,0.16,454,250
2003-06,27.5,4.1,24.1,1410,1687,8875,791,468,32.0,131.4,107.3,0.15,466,239
2003-07,28.4,4.0,24.4,1436,1710,8797,828,515,32.0,131.6,96.8,0.15,458,230
2003-08,29.8,4.0,25.3,1456,1760,9351,818,497,32.0,148.7,100.7,0.15,439,237
2003-09,27.1,4.0,26.7,1416,1790,9965,818,521,32.0,145.6,104.1,0.13,441,264
2003-10,29.6,3.9,27.5,1474,1921,11047,898,587,32.0,147.5,105.4,0.13,515,310
2003-11,28.8,3.9,29.9,1508,2055,12087,915,622,32.0,160.5,108.5,0.13,548,327
2003-12,29.9,4.0,34.0,1555,2201,14163,978,692,32.0,165.6,111.2,0.14,540,332
2004-01,31.2,3.9,37.8,1606,2424,15327,1017,758,37.9,166.3,115.5,0.13,527,350
2004-02,30.9,3.9,41.8,1686,2760,15145,1088,888,37.9,161.4,123.5,0.13,564,368
2004-03,33.8,3.9,48.9,1656,3009,13715,1106,886,37.9,166.3,127.8,0.14,584,413
2004-04,33.4,3.9,53.3,1730,2949,12848,1033,754,37.9,166.6,133.5,0.15,575,358
2004-05,37.9,4.0,56.4,1623,2734,11118,1028,809,37.9,163.7,128.2,0.14,537,316
2004-06,35.2,4.0,59.6,1678,2687,13534,1021,870,37.9,154.7,123.3,0.15,471,295
2004-07,38.4,4.3,61.4,1709,2808,15023,988,940,37.9,150.6,104.8,0.17,455,279
2004-08,43.0,4.3,59.3,1692,2846,13680,976,922,37.9,141.3,104.1,0.17,458,265
2004-09,43.4,4.4,55.4,1724,2895,13271,975,935,37.9,151.0,97.9,0.17,468,260
2004-10,49.8,4.8,56.6,1820,3012,14404,1065,933,37.9,150.1,93.8,0.19,451,249
2004-11,43.1,5.0,52.8,1814,3123,14045,1096,968,37.9,156.6,93.7,0.18,455,260
2004-12,39.6,5.0,52.3,1849,3145,13769,1180,975,37.9,153.9,95.4,0.18,446,265
2005-01,44.3,5.5,53.0,1834,3170,14505,1246,953,65.0,153.6,96.3,0.19,419,262
2005-02,45.6,5.5,49.9,1883,3254,15350,1326,978,65.0,151.2,94.1,0.2,423,261
2005-03,53.1,5.5,50.9,1980,3379,16191,1372,1004,65.0,151.0,99.9,0.2,458,290
2005-04,51.9,5.9,51.3,1894,3394,16142,1300,986,65.0,140.9,96.3,0.19,458,283
2005-05,48.7,5.9,51.3,1744,3249,16932,1244,988,65.0,143.3,95.4,0.19,450,283
2005-06,54.3,5.9,51.0,1731,3524,16160,1276,986,65.0,141.9,97.1,0.2,452,306
2005-07,57.6,6.4,50.9,1779,3614,14581,1194,854,65.0,143.9,107.5,0.21,455,298
2005-08,64.1,6.6,49.1,1868,3798,14893,1298,887,65.0,149.4,101.7,0.22,448,274
2005-09,63.0,6.6,45.3,1840,3858,14228,1398,933,65.0,159.7,96.4,0.23,454,263
2005-10,58.5,7.3,42.5,1929,4060,12403,1488,1005,65.0,167.8,101.9,0.25,468,257
2005-11,55.5,7.5,38.1,2051,4269,12116,1611,1018,65.0,161.1,95.4,0.25,467,256
2005-12,56.7,7.5,38.2,2247,4577,13429,1822,1124,65.0,164.4,102.1,0.29,457,264
2006-01,63.6,8.0,43.2,2378,4734,14555,2090,1256,67.2,167.2,102.7,0.35,459,257
2006-02,59.9,8.0,47.7,2455,4982,14979,2219,1277,65.2,179.8,107.1,0.4,474,257
2006-03,62.3,8.0,49.8,2429,5103,14897,2417,1192,66.7,174.4,105.3,0.38,473,257
2006-04,70.4,8.2,52.9,2621,6388,17942,3085,1170,67.3,180.3,107.7,0.39,476,258
2006-05,70.2,8.3,52.6,2861,8046,21077,3566,1167,67.3,193.2,110.6,0.37,484,266
2006-06,68.9,8.3,52.4,2477,7198,20755,3226,964,69.3,195.2,109.4,0.34,478,267
2006-07,73.9,8.6,52.8,2513,7712,26586,3340,1052,70.5,202.4,114.0,0.35,499,272
2006-08,73.6,8.7,50.9,2460,7696,30744,3347,1174,69.8,189.9,116.6,0.3,534,262
2006-09,62.8,8.8,47.1,2473,7602,30131,3403,1342,70.0,196.0,121.7,0.27,511,258
2006-10,58.4,9.0,44.1,2655,7500,32703,3823,1531,71.7,212.1,142.2,0.26,514,273
2006-11,58.5,9.0,46.0,2703,7029,32114,4382,1625,73.5,209.7,164.5,0.26,572,300
2006-12,62.3,8.9,49.8,2814,6675,34570,4405,1726,73.5,204.3,160.4,0.26,626,297
2007-01,54.3,8.6,51.3,2809,5670,36811,3787,1666,78.2,196.1,164.8,0.24,638,306
2007-02,57.8,8.6,52.9,2832,5676,41184,3310,1780,82.7,200.0,177.3,0.23,645,325
2007-03,62.1,8.4,55.4,2762,6452,46325,3271,1914,88.6,199.1,170.5,0.23,661,322
2007-04,67.4,8.0,56.1,2815,7766,50267,3557,2001,91.3,198.3,152.7,0.21,743,320
2007-05,67.5,8.0,56.0,2793,7681,52179,3831,2101,102.0,195.7,160.2,0.21,816,334
2007-06,71.3,8.0,61.6,2677,7474,41719,3603,2425,103.2,223.0,165.2,0.2,833,361
2007-07,77.2,8.1,67.3,2732,7973,33426,3546,3083,106.1,238.4,146.8,0.22,855,376
2007-08,70.8,8.3,69.4,2516,7514,27652,3253,3119,121.9,259.7,151.2,0.22,831,385
2007-09,77.1,8.5,68.4,2391,7649,29538,2881,3227,148.7,326.5,159.4,0.22,852,426
2007-10,82.9,9.2,74.8,2442,8008,31055,2975,3720,168.1,335.1,164.2,0.22,926,450
2007-11,92.5,9.5,84.6,2507,6967,30610,2541,3328,195.1,321.8,171.3,0.22,999,489
2007-12,91.5,9.5,91.0,2382,6588,25992,2353,2596,190.1,368.6,180.3,0.24,1002,504
2008-01,91.9,10.7,91.8,2446,7061,27690,2340,2608,193.4,370.7,206.7,0.26,1122,529
2008-02,94.8,10.8,132.0,2777,7888,27955,2438,3080,186.1,425.0,220.1,0.3,1269,574
2008-03,103.3,11.0,118.3,3005,8439,31225,2511,3009,197.1,439.7,234.4,0.29,1377,559
2008-04,110.2,12.2,123.0,2959,8685,28763,2264,2823,196.0,362.2,246.4,0.28,1320,549
2008-05,123.9,12.4,133.2,2903,8383,25735,2182,2235,193.0,328.8,243.5,0.27,1326,566
2008-06,133.0,12.6,159.8,2958,8261,22549,1894,1863,183.9,348.6,287.1,0.27,1293,635
2008-07,133.9,14.4,180.0,3071,8414,20160,1852,1945,180.5,328.2,265.3,0.31,1213,637
2008-08,113.8,14.6,158.4,2764,7635,18928,1723,1924,178.7,329.3,235.0,0.32,964,557
2008-09,99.1,14.9,150.0,2526,6991,17795,1735,1868,139.6,295.6,233.8,0.3,826,525
2008-10,72.8,15.9,108.0,2121,4926,12140,1302,1480,88.7,237.4,183.1,0.26,636,400
2008-11,53.2,15.8,92.3,1852,3717,10702,1153,1291,65.0,226.8,163.8,0.27,581,372
2008-12,41.6,15.5,78.7,1490,3072,9686,1101,963,70.0,220.1,158.3,0.26,587,359
2009-01,44.9,13.9,79.4,1413,3221,11307,1187,1133,72.5,239.1,172.8,0.28,659,401
2009-02,43.2,11.0,75.4,1330,3315,10409,1112,1101,75.6,224.7,163.4,0.29,656,374
2009-03,46.8,10.9,61.0,1336,3750,9696,1217,1239,64.1,231.0,164.6,0.3,660,373
2009-04,50.8,8.5,63.6,1421,4407,11166,1379,1383,59.8,233.5,168.5,0.3,800,388
2009-05,57.9,8.1,64.5,1460,4569,12635,1484,1440,62.7,261.5,179.9,0.35,873,426
2009-06,68.6,8.0,71.4,1574,5014,14960,1557,1674,71.7,256.6,179.5,0.36,789,442
2009-07,64.9,6.7,73.8,1668,5216,15985,1579,1679,84.0,224.9,151.6,0.41,698,431
2009-08,72.5,6.9,72.5,1934,6165,19642,1822,1900,97.7,210.4,152.0,0.49,746,498
2009-09,67.7,7.1,67.6,1834,6196,17473,1884,2205,80.7,191.1,150.4,0.51,704,425
2009-10,73.2,7.6,71.1,1879,6288,18525,2072,2241,86.8,198.8,167.3,0.5,725,430
2009-11,77.0,7.8,78.8,1949,6676,16991,2193,2309,99.3,211.0,171.6,0.49,763,447
2009-12,74.7,8.0,83.1,2180,6982,17066,2376,2329,105.1,206.3,164.6,0.52,822,449
2010-01,76.4,8.8,97.0,2235,7386,18439,2434,2368,125.7,201.2,167.3,0.58,831,436
2010-02,74.3,8.8,94.2,2049,6848,18976,2157,2124,127.5,194.0,161.8,0.56,830,412
2010-03,79.3,8.9,94.4,2206,7463,22461,2275,2172,139.7,191.1,159.0,0.41,863,409
2010-04,85.0,7.5,100.2,2317,7745,26031,2367,2265,172.5,192.9,157.1,0.36,863,403
2010-05,76.3,7.3,100.1,2041,6838,22008,1968,1883,161.4,181.6,163.4,0.34,855,403
2010-06,74.8,7.7,98.2,1931,6499,19389,1743,1704,143.6,157.7,152.7,0.35,826,401
2010-07,74.7,8.0,96.0,1988,6735,19518,1844,1837,126.4,195.8,163.8,0.38,844,428
2010-08,76.7,8.5,89.8,2118,7284,21413,2045,2075,145.3,246.2,175.6,0.41,944,450
2010-09,77.8,8.3,94.9,2162,7709,22643,2151,2184,140.6,271.7,205.9,0.5,949,468
2010-10,82.9,8.3,97.5,2347,8292,23807,2372,2380,148.5,270.2,235.8,0.54,1026,496
2010-11,85.7,8.6,107.2,2333,8470,22909,2292,2377,156.1,274.1,238.2,0.58,1131,514
2010-12,91.8,8.7,118.3,2351,9147,24111,2281,2413,163.1,306.5,250.4,0.62,1235,546
2011-01,96.3,9.6,132.5,2440,9556,25646,2372,2602,179.2,326.6,264.9,0.65,1304,568
2011-02,104.0,9.4,128.4,2508,9868,28252,2465,2587,187.2,348.1,292.9,0.65,1327,566
2011-03,114.4,9.4,126.1,2556,9503,26710,2341,2624,169.4,316.7,290.5,0.58,1242,553
2011-04,123.1,10.4,122.5,2678,9493,26408,2362,2701,179.3,336.1,319.3,0.54,1220,557
2011-05,114.5,10.3,119.1,2596,8960,24237,2167,2428,177.1,355.3,307.9,0.48,1230,557
2011-06,113.8,10.3,120.1,2558,9067,22421,2234,2525,170.9,326.4,310.6,0.56,1192,556
2011-07,116.5,11.0,120.8,2525,9650,23848,2398,2681,173.0,303.9,300.8,0.62,1183,557
2011-08,110.1,10.8,120.1,2379,9001,21845,2200,2397,177.5,327.1,310.2,0.61,1205,553
2011-09,110.9,10.9,123.1,2293,8300,20378,2075,2288,177.2,315.9,295.3,0.59,1137,532
2011-10,109.5,11.4,119.4,2181,7394,19039,1871,1960,150.4,289.0,274.8,0.56,1045,491
2011-11,110.5,11.3,113.8,2080,7581,17873,1935,1994,135.5,281.0,274.4,0.53,1113,478
2011-12,107.9,11.5,111.6,2022,7565,18267,1905,2022,136.4,269.0,258.6,0.51,1122,483
2012-01,111.2,11.5,116.5,2144,8040,19855,1982,2096,140.3,274.9,272.8,0.52,1124,503
2012-02,119.7,11.1,117.0,2208,8441,20394,2058,2121,140.4,277.8,279.5,0.53,1146,523
2012-03,124.9,12.0,107.5,2184,8471,18661,2036,2057,144.7,283.9,280.7,0.53,1195,547
2012-04,120.5,11.4,103.6,2050,8289,17940,2002,2071,147.6,266.3,274.0,0.5,1234,584
2012-05,110.5,11.6,95.8,2008,7956,17068,1936,2013,136.6,264.4,269.3,0.46,1125,577
2012-06,95.6,11.5,87.2,1890,7423,16549,1859,1854,134.7,276.2,267.3,0.45,1028,578
2012-07,103.1,11.1,88.2,1876,7584,16128,1848,1881,127.9,345.7,333.1,0.5,1053,670
2012-08,113.3,11.2,91.0,1845,7516,15735,1818,1901,107.5,349.4,332.0,0.46,1022,684
2012-09,113.4,11.1,89.0,2064,8088,17288,2010,2178,99.5,353.4,320.8,0.44,1001,677
2012-10,112.0,11.6,81.9,1974,8062,17169,1904,2142,114.0,358.2,321.2,0.45,886,626
2012-11,109.7,11.8,85.9,1949,7711,16335,1912,2182,120.4,360.8,321.6,0.43,863,585
2012-12,109.7,11.8,92.9,2087,7966,17449,2040,2280,128.5,348.0,308.6,0.43,844,591
2013-01,113.0,11.9,92.8,2038,8047,17473,2032,2334,150.5,335.5,303.1,0.42,885,595
2013-02,116.5,11.8,94.9,2054,8061,17690,2129,2366,154.6,318.9,302.7,0.4,920,611
2013-03,109.2,11.9,91.0,1910,7646,16725,1926,2169,139.9,309.7,309.0,0.41,892,585
2013-04,102.9,12.9,87.8,1862,7234,15673,1856,2027,137.4,308.3,279.9,0.39,874,564
2013-05,103.0,12.3,87.7,1832,7249,14948,1832,2033,124.0,319.7,295.5,0.39,879,498
2013-06,103.1,11.9,82.8,1815,7000,14280,1839,2100,114.8,313.4,298.4,0.38,877,525
2013-07,107.7,11.6,77.3,1770,6907,13750,1838,2048,127.2,304.6,279.5,0.37,827,511
2013-08,111.0,11.6,77.0,1818,7193,14315,1899,2174,137.1,305.3,238.7,0.38,819,512
2013-09,111.6,11.3,77.6,1761,7159,13801,1847,2085,134.2,307.5,207.4,0.38,826,560
2013-10,109.5,11.4,79.4,1815,7203,14118,1885,2115,132.6,325.7,201.7,0.41,860,541
2013-11,108.1,11.4,82.3,1748,7071,13684,1866,2090,136.3,306.8,199.1,0.39,904,551
2013-12,110.7,11.6,84.3,1740,7215,13925,1975,2137,135.8,291.6,197.4,0.36,886,564
2014-01,107.4,11.6,81.6,1727,7291,14101,2037,2143,128.1,275.6,198.1,0.34,863,566
2014-02,108.8,11.3,76.3,1695,7149,14204,2035,2108,121.4,292.1,209.3,0.37,904,491
2014-03,107.4,10.9,73.3,1705,6650,15678,2008,2053,111.8,323.7,222.3,0.39,954,531
2014-04,107.8,10.7,72.8,1811,6674,17374,2027,2087,114.6,324.8,222.4,0.39,927,516
2014-05,109.7,10.2,73.7,1751,6891,19401,2059,2097,100.6,334.7,217.3,0.4,898,519
2014-06,111.9,9.8,71.5,1839,6821,18629,2128,2107,92.7,306.4,202.4,0.4,862,511
2014-07,107.0,9.3,68.8,1948,7113,19118,2311,2193,96.1,280.4,182.7,0.4,854,472
2014-08,101.9,9.1,68.9,2030,7002,18600,2327,2237,92.6,263.5,176.4,0.38,779,459
2014-09,97.3,9.2,65.9,1990,6872,18035,2295,2117,82.4,243.6,163.1,0.35,761,430
2014-10,87.3,9.8,63.7,1946,6737,15812,2277,2034,81.1,245.4,163.1,0.37,764,426
2014-11,78.4,8.9,62.6,2056,6713,15807,2253,2030,73.7,258.7,178.7,0.36,765,450
2014-12,62.3,9.8,62.4,1909,6446,15962,2176,1938,68.4,269.7,178.7,0.34,720,448
2015-01,48.1,9.3,61.4,1815,5831,14849,2113,1843,68.2,248.4,174.7,0.34,720,433
2015-02,57.9,8.3,69.1,1818,5729,14574,2098,1796,62.8,237.0,173.7,0.32,723,424
2015-03,55.8,8.3,64.8,1774,5940,13756,2029,1792,58.1,230.8,174.2,0.29,699,410
2015-04,59.4,6.8,56.2,1819,6042,12831,2213,2005,52.3,223.4,172.1,0.29,683,395
2015-05,64.6,6.7,61.2,1804,6295,13511,2282,1992,60.3,215.3,166.3,0.29,697,388
2015-06,62.3,6.7,59.0,1688,5833,12825,2082,1830,62.6,209.8,166.7,0.27,706,391
2015-07,55.9,6.7,59.9,1640,5457,11413,2001,1763,52.4,197.3,179.6,0.28,680,406
2015-08,47.0,6.3,59.1,1548,5127,10386,1808,1704,56.2,179.7,162.6,0.25,601,379
2015-09,47.2,6.3,57.7,1590,5217,9938,1720,1684,57.0,172.7,165.6,0.26,600,367
2015-10,48.1,6.0,54.3,1516,5216,10317,1724,1720,53.1,172.7,171.4,0.31,637,376
2015-11,44.4,5.5,52.5,1468,4800,9244,1583,1618,46.9,177.1,166.2,0.32,608,368
2015-12,37.7,5.1,52.2,1497,4639,8708,1528,1707,40.5,189.2,163.9,0.32,607,368
2016-01,30.8,4.4,49.0,1481,4472,8507,1520,1646,41.9,193.3,161.0,0.31,612,373
2016-02,33.2,4.0,50.3,1531,4599,8299,1710,1766,46.8,187.0,159.7,0.29,679,374
2016-03,39.1,3.9,52.2,1531,4954,8717,1802,1802,56.2,191.1,159.1,0.34,716,381
2016-04,42.3,4.0,50.7,1571,4873,8879,1855,1732,60.9,187.4,164.4,0.34,775,395
2016-05,47.1,4.3,51.3,1551,4695,8660,1869,1708,55.1,172.0,169.0,0.38,753,423
2016-06,48.5,4.8,52.9,1594,4642,8928,2026,1713,52.0,173.1,179.9,0.43,718,457
2016-07,45.1,4.7,61.2,1629,4865,10263,2183,1835,57.3,151.8,161.8,0.43,678,431
2016-08,46.1,4.0,67.4,1639,4752,10336,2279,1836,60.9,149.2,150.2,0.44,771,412
2016-09,46.2,4.3,72.7,1592,4722,10192,2292,1948,57.8,150.6,148.4,0.47,798,404
2016-10,49.7,5.3,94.2,1666,4731,10260,2312,2024,59.1,151.8,152.3,0.49,750,402
2016-11,46.4,5.7,103.4,1737,5451,11129,2566,2181,73.1,150.6,151.8,0.45,767,398
2016-12,54.1,5.4,88.2,1728,5660,10972,2665,2210,80.0,141.8,152.4,0.41,811,416
2017-01,54.9,6.1,83.7,1791,5755,9971,2715,2243,80.4,153.2,160.0,0.45,825,412
2017-02,55.5,6.1,80.0,1861,5941,10643,2846,2312,89.4,155.1,162.9,0.45,809,395
2017-03,52.0,5.0,80.9,1901,5825,10205,2777,2281,87.7,154.3,159.0,0.4,779,384
2017-04,53.0,5.0,83.7,1921,5684,9609,2615,2221,70.2,166.1,156.4,0.36,752,387
2017-05,50.9,5.1,74.4,1913,5600,9155,2590,2125,62.4,180.4,158.6,0.35,763,390
2017-06,46.9,4.9,81.1,1885,5720,8932,2573,2133,57.5,189.6,157.9,0.31,735,379
2017-07,48.7,5.0,87.5,1903,5985,9491,2787,2270,67.7,202.5,157.5,0.32,720,410
2017-08,51.4,5.5,98.6,2030,6486,10890,2981,2348,76.1,171.2,148.5,0.32,718,393
2017-09,55.2,6.0,97.8,2096,6577,11216,3117,2374,71.5,178.6,147.3,0.32,754,394
2017-10,57.6,6.2,97.1,2131,6808,11336,3265,2498,61.7,175.6,148.6,0.32,747,397
2017-11,62.6,6.7,96.6,2097,6827,11972,3229,2461,64.2,179.7,148.7,0.33,729,394
2017-12,64.2,7.1,100.8,2080,6834,11495,3196,2510,72.3,184.1,149.0,0.32,679,387
2018-01,69.0,6.7,106.5,2210,7066,12865,3442,2584,76.3,192.2,155.8,0.31,703,390
2018-02,65.4,6.7,106.0,2182,7007,13596,3533,2581,77.5,192.2,163.4,0.3,709,416
2018-03,66.5,6.7,96.7,2069,6799,13393,3269,2390,70.4,192.2,172.0,0.28,706,430
2018-04,71.6,6.9,93.7,2255,6852,13938,3188,2352,65.8,213.8,175.6,0.27,701,439
2018-05,76.7,7.5,105.3,2300,6825,14366,3060,2361,66.1,213.8,179.1,0.27,687,430
2018-06,75.2,7.4,114.3,2238,6966,15106,3089,2436,65.0,219.4,165.1,0.28,657,394
2018-07,74.4,7.6,119.6,2082,6251,13794,2656,2207,64.6,218.3,156.5,0.26,616,377
2018-08,73.1,8.1,117.3,2052,6051,13411,2512,2054,67.2,236.6,162.4,0.24,615,377
2018-09,78.9,9.5,114.2,2026,6051,12510,2435,2023,68.4,212.4,154.8,0.25,605,357
2018-10,80.5,8.8,108.7,2030,6220,12315,2674,1988,73.4,213.5,160.3,0.29,590,368
2018-11,65.2,8.3,100.7,1939,6196,11240,2596,1937,73.3,203.6,160.7,0.28,539,374
2018-12,56.5,8.0,101.4,1920,6075,10835,2616,1972,69.2,211.3,167.4,0.28,535,381
2019-01,59.3,7.3,98.6,1854,5939,11523,2570,1997,76.2,209.8,166.7,0.28,585,382
2019-02,64.1,6.0,95.4,1863,6300,12685,2707,2063,88.2,219.0,169.5,0.29,603,380
2019-03,66.4,5.2,93.1,1871,6439,13026,2851,2046,86.5,205.8,166.2,0.28,573,370
2019-04,71.2,4.9,86.8,1845,6438,12773,2933,1939,93.7,199.5,161.5,0.28,588,360
2019-05,70.5,4.3,82.3,1781,6018,12016,2743,1815,100.2,199.5,171.1,0.27,564,340
2019-06,63.3,3.6,72.5,1756,5882,11944,2601,1900,108.9,206.1,195.1,0.28,552,359
2019-07,64.0,3.6,72.1,1797,5941,13546,2447,1976,120.2,196.2,189.4,0.28,544,370
2019-08,59.3,3.7,65.6,1741,5709,15749,2273,2045,93.1,181.1,163.6,0.27,586,361
2019-09,62.3,4.2,66.0,1754,5759,17657,2332,2072,93.1,189.6,157.3,0.26,580,366
2019-10,59.4,5.1,69.2,1726,5757,17046,2452,2184,88.5,199.5,167.1,0.28,591,382
2019-11,62.7,5.2,67.0,1775,5860,15172,2425,2021,85.0,203.2,166.3,0.28,685,376
2019-12,65.9,4.6,66.2,1771,6077,13829,2273,1901,92.7,210.9,167.0,0.3,764,383
2020-01,63.6,3.6,69.7,1773,6031,13507,2354,1924,95.8,224.5,171.8,0.31,810,387
2020-02,55.0,2.9,67.6,1688,5688,12716,2113,1873,87.7,215.3,168.7,0.33,729,376
2020-03,33.0,2.7,66.7,1611,5183,11846,1904,1734,89.0,209.1,162.4,0.26,636,373
2020-04,23.3,2.1,58.6,1460,5058,11804,1903,1658,84.7,219.0,146.9,0.23,609,361
2020-05,31.0,1.6,52.5,1466,5240,12180,1975,1626,93.7,205.8,143.9,0.24,577,359
2020-06,39.9,1.8,52.2,1569,5755,12727,2026,1745,103.3,198.4,148.0,0.27,656,370
2020-07,42.8,1.8,51.6,1644,6372,13402,2177,1818,108.5,222.1,152.6,0.27,694,381
2020-08,44.3,2.9,50.1,1737,6499,14538,2410,1936,121.1,223.0,149.3,0.29,760,385
2020-09,41.1,4.0,54.6,1744,6705,14857,2442,1873,123.8,247.7,166.1,0.28,796,423
2020-10,40.5,4.9,58.4,1806,6714,15239,2441,1776,119.8,272.4,186.7,0.3,819,454
2020-11,43.2,4.8,64.4,1935,7069,15808,2672,1916,124.4,273.0,190.4,0.31,918,500
2020-12,49.9,5.9,83.0,2015,7772,16823,2780,2020,155.4,268.6,198.8,0.31,1016,511
2021-01,54.6,7.3,86.8,2004,7972,17863,2705,2015,169.6,289.3,234.5,0.34,990,576
2021-02,62.0,6.2,86.7,2079,8471,18584,2745,2080,163.8,289.4,245.2,0.36,1020,578
2021-03,65.2,6.1,94.9,2190,8988,16407,2792,1948,168.2,273.1,245.2,0.34,1030,586
2021-04,64.8,7.1,92.2,2319,9325,16521,2829,2012,179.8,281.0,268.2,0.36,1078,597
2021-05,68.0,8.9,107.0,2434,10162,17577,2966,2182,207.7,297.3,305.3,0.38,1136,647
2021-06,73.1,10.3,130.0,2447,9632,17980,2952,2191,214.4,285.6,292.6,0.38,1004,615
2021-07,74.4,12.5,152.0,2498,9451,18819,2948,2338,214.1,294.3,278.4,0.39,1063,600
2021-08,70.0,15.4,169.6,2603,9370,19141,2988,2414,162.2,324.5,256.6,0.43,1142,586
2021-09,74.6,22.8,185.7,2835,9325,19377,3036,2248,124.5,337.6,235.6,0.43,1181,558
2021-10,83.7,31.1,224.5,2934,9829,19362,3360,2345,122.9,354.7,239.6,0.42,1310,552
2021-11,80.8,27.6,157.5,2636,9729,19933,3311,2330,96.2,379.5,248.7,0.43,1341,551
2021-12,74.3,38.0,169.7,2696,9551,20016,3399,2302,117.0,376.8,264.5,0.42,1270,554
2022-01,85.5,28.3,197.0,3006,9782,22355,3599,2332,132.5,374.2,276.6,0.4,1345,606
2022-02,95.8,27.2,219.8,3246,9943,24016,3620,2297,142.8,390.5,292.6,0.39,1522,662
2022-03,115.6,42.4,314.0,3498,10231,33924,3962,2345,152.1,486.3,335.5,0.42,1777,721
2022-04,105.8,32.2,310.9,3244,10161,33133,4360,2380,151.3,495.3,348.2,0.43,1683,721
2022-05,112.4,29.2,371.9,2830,9377,28063,3751,2142,131.2,522.3,344.8,0.43,1717,724
2022-06,120.1,33.6,374.1,2563,9024,25659,3630,2066,130.7,459.6,335.7,0.42,1501,737
2022-07,108.9,51.3,402.2,2408,7545,21482,3105,1985,108.6,382.5,323.0,0.4,1057,678
2022-08,98.6,70.0,407.0,2431,7982,22057,3588,2073,108.9,382.9,289.8,0.39,1026,671
2022-09,90.2,59.1,430.8,2225,7746,22774,3125,1870,99.8,419.1,312.7,0.39,909,664
2022-10,93.1,39.0,389.8,2256,7651,22033,2967,2000,92.6,438.0,343.6,0.39,889,626
2022-11,91.1,35.7,342.2,2351,8050,25563,2939,2100,93.3,422.7,320.9,0.41,946,649
2022-12,80.9,36.0,379.2,2402,8375,28947,3129,2216,111.8,386.3,302.2,0.42,940,646
2023-01,83.1,20.2,318.0,2502,9038,28195,3310,2201,122.2,380.4,302.8,0.42,942,627
2023-02,82.7,16.5,207.5,2416,8937,26728,3134,2093,127.6,394.8,298.2,0.45,950,651
2023-03,78.5,13.8,187.2,2296,8856,23289,2967,2115,128.4,369.9,282.5,0.45,972,628
2023-04,84.1,13.5,194.3,2343,8809,23895,2768,2149,117.4,378.2,291.1,0.53,1005,615
2023-05,75.7,10.1,160.5,2269,8217,21970,2476,2084,105.2,367.7,268.1,0.56,934,595
2023-06,74.9,10.4,139.4,2185,8397,21233,2375,2123,113.5,345.5,266.9,0.54,817,592
2023-07,80.1,9.5,140.6,2160,8477,21091,2405,2109,114.4,345.5,242.4,0.52,879,634
2023-08,86.2,11.2,152.6,2137,8349,20439,2407,2154,110.2,315.8,207.6,0.53,861,584
2023-09,94.0,11.5,162.5,2185,8277,19645,2496,2252,121.0,314.7,223.8,0.58,830,619
2023-10,91.1,14.6,142.1,2192,7937,18281,2449,2134,119.0,298.1,230.7,0.57,804,530
2023-11,83.2,14.5,126.8,2202,8190,17027,2544,2188,131.1,283.6,211.3,0.57,830,553
2023-12,77.9,11.5,141.8,2182,8400,16461,2502,2027,137.1,291.1,206.5,0.48,814,547
2024-01,80.2,9.6,124.9,2193,8339,16104,2515,2086,135.8,283.9,198.6,0.48,845,547
2024-02,83.8,8.1,124.2,2179,8305,16338,2360,2080,124.4,278.5,189.1,0.5,857,520
2024-03,85.4,8.6,131.5,2226,8689,17439,2461,2056,109.8,274.8,190.6,0.48,943,487
2024-04,90.1,9.1,135.0,2506,9464,18164,2733,2129,112.8,272.3,191.7,0.45,936,477
2024-05,82.0,10.1,142.0,2565,10139,19587,2959,2221,118.9,289.4,197.8,0.42,859,490
2024-06,82.6,10.9,135.1,2498,9648,17498,2809,2147,107.5,265.6,192.5,0.43,874,480
2024-07,85.3,10.3,137.6,2349,9385,16335,2777,2107,106.9,260.3,177.4,0.43,896,470
2024-08,80.9,12.4,145.8,2344,8972,16292,2714,1995,99.9,250.9,170.3,0.41,933,400
2024-09,74.3,11.8,139.2,2450,9237,16077,2837,2000,92.8,269.7,185.0,0.45,983,391
2024-10,75.7,12.9,146.6,2596,9534,16766,3106,2034,101.4,272.9,190.3,0.46,1077,442
2024-11,74.4,13.9,142.1,2582,9076,15723,3004,1988,100.5,253.8,201.3,0.45,1169,436
2024-12,73.8,13.9,129.8,2541,8916,15445,3034,1990,102.2,252.2,202.6,0.44,1190,409
2025-01,79.2,14.7,118.6,2573,8991,15394,2819,1921,99.6,254.1,214.4,0.4,1070,411
2025-02,75.2,15.3,106.9,2658,9331,15288,2800,1957,105.1,264.6,220.9,0.42,1067,412
2025-03,72.6,13.2,104.0,2658,9740,16066,2889,2033,100.1,255.4,207.4,0.42,1068,401
2025-04,67.7,11.6,98.6,2372,9177,15113,2622,1903,97.2,249.6,215.0,0.4,994,408
2025-05,64.2,11.7,104.4,2449,9533,15346,2644,1958,97.0,237.0,203.9,0.39,908,414
2025-06,71.5,12.4,109.0,2526,9835,15003,2655,1974,92.3,240.1,196.1,0.37,935,416
2025-07,71.0,11.6,112.9,2606,9771,15034,2763,1993,97.3,235.0,192.0,0.37,976,410
2025-08,68.2,11.1,112.2,2597,9670,14949,2789,1947,99.7,231.1,185.5,0.37,1026,407
2025-09,68.0,11.1,106.3,2653,9984,15106,2933,1955,103.3,233.8,197.4,0.35,1037,404
2025-10,64.7,10.9,107.5,2793,10740,15092,3152,1968,103.5,230.8,198.1,0.34,1038,404
2025-11,63.6,10.4,112.6,2819,10812,14671,3177,1998,102.5,245.9,202.0,0.32,983,446
2025-12,62.7,9.5,107.7,2876,11785,14884,3168,1940,104.6,242.8,205.7,0.32,980,440
2026-01,66.8,11.8,109.8,3142,13012,17769,3213,1995,105.5,249.9,204.5,0.32,1005,425
2026-02,71.1,11.2,118.4,3065,12951,17173,3324,1917,98.8,257.6,209.6,0.31,1039,459
2026-03,103.7,17.9,138.6,3373,12529,17076,3182,1878,104.5,276.0,212.7,0.33,1109,473
2026-04,120.4,15.4,130.9,3600,12951,17962,3364,1930,106.1,282.0,214.0,0.32,1146,463
2026-05,107.5,16.2,136.9,3666,13543,18806,3482,1991,108.6,303.0,216.2,0.34,1136,473
2026-06,85.4,15.2,138.5,3439,13552,17588,3539,1946,100.8,286.0,197.1,0.32,1105,468
